[

	{
		"name": "cdm",
		"description": "", 
			"children": [
				{
					"name": "base",
					"description": "Basic concepts used across the model: date, time, math, static data.", 
						"children": [
							{
								"name": "base",
								"description": "Basic concepts used across the model: date, time, math, static data.",
								"uri": "base.rosetta"	
							},
							{
								"name": "datetime",
								"description": "Basic date and time concepts: relative date, date range, offset, business centre etc.", 
									"children": [
										{
											"name": "Data",
											"description": "Basic date and time concepts: relative date, date range, offset, business centre etc.",
											"uri": "base-datetime-type.rosetta"	
										},
										{
											"name": "Enum",
											"description": "Basic date and time concepts: relative date, date range, offset, business centre etc.",
											"uri": "base-datetime-enum.rosetta"	
										},
										{
											"name": "Func",
											"description": "Basic date and time concepts: relative date, date range, offset, business centre etc.",
											"uri": "base-datetime-func.rosetta"	
										}
									]
								
							},
							{
								"name": "math",
								"description": "Basic maths concepts: quantity and unit, rounding, curve / schedule, non-negativity constraint etc.", 
									"children": [
										{
											"name": "Data",
											"description": "Basic maths concepts: quantity and unit, rounding, curve / schedule, non-negativity constraint etc.",
											"uri": "base-math-type.rosetta"	
										},
										{
											"name": "Enum",
											"description": "Basic maths concepts: quantity and unit, rounding, curve / schedule, non-negativity constraint etc.",
											"uri": "base-math-enum.rosetta"	
										},
										{
											"name": "Func",
											"description": "Basic maths concepts: quantity and unit, rounding, curve / schedule, non-negativity constraint etc.",
											"uri": "base-math-func.rosetta"	
										}
									]
								
							},
							{
								"name": "staticdata",
								"description": "Basic static data concepts: e.g. party, asset identifiers etc.", 
									"children": [
										{
											"name": "base-staticdata",
											"description": "Basic static data concepts: e.g. party, asset identifiers etc.",
											"uri": "base-staticdata.rosetta"	
										},
										{
											"name": "asset",
											"description": "Basic static asset identifier and taxonomy concepts.", 
												"children": [
													{
														"name": "base-staticdata-asset",
														"description": "Basic static asset identifier and taxonomy concepts.",
														"uri": "base-staticdata-asset.rosetta"	
													},
													{
														"name": "common",
														"description": "Basic static asset concepts that apply across asset classes: taxonomy etc.", 
															"children": [
																{
																	"name": "Data",
																	"description": "Basic static asset concepts that apply across asset classes: taxonomy etc.",
																	"uri": "base-staticdata-asset-common-type.rosetta"	
																},
																{
																	"name": "Enum",
																	"description": "Basic static asset concepts that apply across asset classes: taxonomy etc.",
																	"uri": "base-staticdata-asset-common-enum.rosetta"	
																}
															]
														
													},
													{
														"name": "credit",
														"description": "", 
															"children": [
																{
																	"name": "Data",
																	"description": "",
																	"uri": "base-staticdata-asset-credit-type.rosetta"	
																},
																{
																	"name": "Enum",
																	"description": "",
																	"uri": "base-staticdata-asset-credit-enum.rosetta"	
																}
															]
														
													},
													{
														"name": "rates",
														"description": "", 
															"children": [
																{
																	"name": "Enum",
																	"description": "",
																	"uri": "base-staticdata-asset-rates-enum.rosetta"	
																}
															]
														
													}
												]
											
										},
										{
											"name": "identifier",
											"description": "Basic identifier and assigned identifier concepts that are applicable across the model.", 
												"children": [
													{
														"name": "Data",
														"description": "Basic identifier and assigned identifier concepts that are applicable across the model.",
														"uri": "base-staticdata-identifier-type.rosetta"	
													}
												]
											
										},
										{
											"name": "party",
											"description": "Basic party concepts: legal entity, natural person, contact details, buyer / payer and all related enums.", 
												"children": [
													{
														"name": "Data",
														"description": "Basic party concepts: legal entity, natural person, contact details, buyer / payer and all related enums.",
														"uri": "base-staticdata-party-type.rosetta"	
													},
													{
														"name": "Enum",
														"description": "Basic party concepts: legal entity, natural person, contact details, buyer / payer and all related enums.",
														"uri": "base-staticdata-party-enum.rosetta"	
													},
													{
														"name": "Func",
														"description": "Basic party concepts: legal entity, natural person, contact details, buyer / payer and all related enums.",
														"uri": "base-staticdata-party-func.rosetta"	
													}
												]
											
										}
									]
								
							}
						]
					
				},
				{
					"name": "legalagreement",
					"description": "", 
						"children": [
							{
								"name": "common",
								"description": "Common legal agreement concepts.", 
									"children": [
										{
											"name": "Data",
											"description": "Common legal agreement concepts.",
											"uri": "legalagreement-common-type.rosetta"	
										},
										{
											"name": "Enum",
											"description": "Common legal agreement concepts.",
											"uri": "legalagreement-common-enum.rosetta"	
										},
										{
											"name": "Func",
											"description": "Common legal agreement concepts.",
											"uri": "legalagreement-common-func.rosetta"	
										}
									]
								
							},
							{
								"name": "contract",
								"description": "Contract concepts. Contract (i.e. transaction confirmation) concepts.", 
									"children": [
										{
											"name": "Data",
											"description": "Contract concepts. Contract (i.e. transaction confirmation) concepts.",
											"uri": "legalagreement-contract-type.rosetta"	
										},
										{
											"name": "Enum",
											"description": "Contract concepts. Contract (i.e. transaction confirmation) concepts.",
											"uri": "legalagreement-contract-enum.rosetta"	
										}
									]
								
							},
							{
								"name": "csa",
								"description": "Credit support concepts: CSA, collateral, elections, initial margin, threshold, minimum transfer amount.", 
									"children": [
										{
											"name": "Data",
											"description": "Credit support concepts: CSA, collateral, elections, initial margin, threshold, minimum transfer amount.",
											"uri": "legalagreement-csa-type.rosetta"	
										},
										{
											"name": "Enum",
											"description": "Credit support concepts: CSA, collateral, elections, initial margin, threshold, minimum transfer amount.",
											"uri": "legalagreement-csa-enum.rosetta"	
										},
										{
											"name": "Func",
											"description": "Credit support concepts: CSA, collateral, elections, initial margin, threshold, minimum transfer amount.",
											"uri": "legalagreement-csa-func.rosetta"	
										},
										{
											"name": "legalagreement",
											"description": "Credit support concepts: CSA, collateral, elections, initial margin, threshold, minimum transfer amount.",
											"uri": "legalagreement.rosetta"	
										}
									]
								
							},
							{
								"name": "master",
								"description": "Master agreement concepts.", 
									"children": [
										{
											"name": "Data",
											"description": "Master agreement concepts.",
											"uri": "legalagreement-master-type.rosetta"	
										},
										{
											"name": "Enum",
											"description": "Master agreement concepts.",
											"uri": "legalagreement-master-enum.rosetta"	
										}
									]
								
							}
						]
					
				},
				{
					"name": "observable",
					"description": "Observable concepts: market data, holiday calendars etc.", 
						"children": [
							{
								"name": "observable",
								"description": "Observable concepts: market data, holiday calendars etc.",
								"uri": "observable.rosetta"	
							},
							{
								"name": "asset",
								"description": "Observable concepts applicable to assets: price, reference price, valuation method etc. Observable asset concepts: schedule, settlement, price and quantity notation etc.", 
									"children": [
										{
											"name": "Data",
											"description": "Observable concepts applicable to assets: price, reference price, valuation method etc. Observable asset concepts: schedule, settlement, price and quantity notation etc.",
											"uri": "observable-asset-type.rosetta"	
										},
										{
											"name": "Enum",
											"description": "Observable concepts applicable to assets: price, reference price, valuation method etc. Observable asset concepts: schedule, settlement, price and quantity notation etc.",
											"uri": "observable-asset-enum.rosetta"	
										}
									]
								
							},
							{
								"name": "common",
								"description": "", 
									"children": [
										{
											"name": "Enum",
											"description": "",
											"uri": "observable-common-enum.rosetta"	
										},
										{
											"name": "Func",
											"description": "",
											"uri": "observable-common-func.rosetta"	
										}
									]
								
							},
							{
								"name": "event",
								"description": "Observable event concepts: extraordinary event, trigger event, disruption event etc.", 
									"children": [
										{
											"name": "Data",
											"description": "Observable event concepts: extraordinary event, trigger event, disruption event etc.",
											"uri": "observable-event-type.rosetta"	
										},
										{
											"name": "Enum",
											"description": "Observable event concepts: extraordinary event, trigger event, disruption event etc.",
											"uri": "observable-event-enum.rosetta"	
										}
									]
								
							}
						]
					
				},
				{
					"name": "product",
					"description": "Generic product concepts: quantity, price, economic terms and payout, that are built using template features.", 
						"children": [
							{
								"name": "product",
								"description": "Generic product concepts: quantity, price, economic terms and payout, that are built using template features.",
								"uri": "product.rosetta"	
							},
							{
								"name": "asset",
								"description": "Product concepts applicable to specific asset classes.", 
									"children": [
										{
											"name": "Data",
											"description": "Product concepts applicable to specific asset classes.",
											"uri": "product-asset-type.rosetta"	
										},
										{
											"name": "Enum",
											"description": "Product concepts applicable to specific asset classes.",
											"uri": "product-asset-enum.rosetta"	
										},
										{
											"name": "Func",
											"description": "Product concepts applicable to specific asset classes.",
											"uri": "product-asset-func.rosetta"	
										}
									]
								
							},
							{
								"name": "common",
								"description": "", 
									"children": [
										{
											"name": "Data",
											"description": "",
											"uri": "product-common-type.rosetta"	
										},
										{
											"name": "Enum",
											"description": "",
											"uri": "product-common-enum.rosetta"	
										},
										{
											"name": "Func",
											"description": "",
											"uri": "product-common-func.rosetta"	
										},
										{
											"name": "schedule",
											"description": "Common product schedule concepts: calculation period, reset, fixing and payment dates, stub, notional schedule, roll convention.", 
												"children": [
													{
														"name": "Data",
														"description": "Common product schedule concepts: calculation period, reset, fixing and payment dates, stub, notional schedule, roll convention.",
														"uri": "product-common-schedule-type.rosetta"	
													},
													{
														"name": "Enum",
														"description": "Common product schedule concepts: calculation period, reset, fixing and payment dates, stub, notional schedule, roll convention.",
														"uri": "product-common-schedule-enum.rosetta"	
													},
													{
														"name": "Func",
														"description": "Common product schedule concepts: calculation period, reset, fixing and payment dates, stub, notional schedule, roll convention.",
														"uri": "product-common-schedule-func.rosetta"	
													}
												]
											
										},
										{
											"name": "settlement",
											"description": "Common product settlement concepts: cash vs physical, non-deliverable, money and cashflow, delivery vs payment.", 
												"children": [
													{
														"name": "Data",
														"description": "Common product settlement concepts: cash vs physical, non-deliverable, money and cashflow, delivery vs payment.",
														"uri": "product-common-settlement-type.rosetta"	
													},
													{
														"name": "Enum",
														"description": "Common product settlement concepts: cash vs physical, non-deliverable, money and cashflow, delivery vs payment.",
														"uri": "product-common-settlement-enum.rosetta"	
													},
													{
														"name": "Func",
														"description": "Common product settlement concepts: cash vs physical, non-deliverable, money and cashflow, delivery vs payment.",
														"uri": "product-common-settlement-func.rosetta"	
													}
												]
											
										}
									]
								
							},
							{
								"name": "template",
								"description": "Template feature concepts to define payouts.", 
									"children": [
										{
											"name": "Data",
											"description": "Template feature concepts to define payouts.",
											"uri": "product-template-type.rosetta"	
										},
										{
											"name": "Enum",
											"description": "Template feature concepts to define payouts.",
											"uri": "product-template-enum.rosetta"	
										},
										{
											"name": "Func",
											"description": "Template feature concepts to define payouts.",
											"uri": "product-template-func.rosetta"	
										}
									]
								
							}
						]
					
				},
				{
					"name": "regulation",
					"description": "", 
						"children": [
							{
								"name": "esma",
								"description": "", 
									"children": [
										{
											"name": "regulation-esma",
											"description": "",
											"uri": "regulation-esma.rosetta"	
										},
										{
											"name": "emir",
											"description": "", 
												"children": [
													{
														"name": "regulation-esma-emir",
														"description": "",
														"uri": "regulation-esma-emir.rosetta"	
													}
												]
											
										},
										{
											"name": "mifir",
											"description": "", 
												"children": [
													{
														"name": "regulation-esma-mifir",
														"description": "",
														"uri": "regulation-esma-mifir.rosetta"	
													}
												]
											
										}
									]
								
							}
						]
					
				},
				{
					"name": "synonyms",
					"description": "", 
						"children": [
							{
								"name": "cme",
								"description": "", 
									"children": [
										{
											"name": "synonym-cdm-cme",
											"description": "",
											"uri": "synonym-cdm-cme.rosetta"	
										}
									]
								
							},
							{
								"name": "config",
								"description": "", 
									"children": [
										{
											"name": "synonym-cdm-config",
											"description": "",
											"uri": "synonym-cdm-config.rosetta"	
										}
									]
								
							},
							{
								"name": "dtcc",
								"description": "", 
									"children": [
										{
											"name": "synonym-cdm-dtcc",
											"description": "",
											"uri": "synonym-cdm-dtcc.rosetta"	
										}
									]
								
							},
							{
								"name": "fpml",
								"description": "", 
									"children": [
										{
											"name": "synonym-cdm-fpml",
											"description": "",
											"uri": "synonym-cdm-fpml.rosetta"	
										}
									]
								
							},
							{
								"name": "ore",
								"description": "", 
									"children": [
										{
											"name": "synonym-cdm-ore",
											"description": "",
											"uri": "synonym-cdm-ore.rosetta"	
										}
									]
								
							}
						]
					
				}
			]
		
	},


	{
		"name": "com",
		"description": "", 
			"children": [
				{
					"name": "rosetta",
					"description": "", 
						"children": [
							{
								"name": "model",
								"description": "", 
									"children": [
										{
											"name": "annotations",
											"description": "",
											"uri": "annotations.rosetta"	
										},
										{
											"name": "basictypes",
											"description": "",
											"uri": "basictypes.rosetta"	
										}
									]
								
							}
						]
					
				}
			]
		
	},


	{
		"name": "org",
		"description": "", 
			"children": [
				{
					"name": "isda",
					"description": "", 
						"children": [
							{
								"name": "cdm",
								"description": "", 
									"children": [
										{
											"name": "model-cdm-aliases",
											"description": "",
											"uri": "model-cdm-aliases.rosetta"	
										},
										{
											"name": "model-cdm-calculations-csa",
											"description": "",
											"uri": "model-cdm-calculations-csa.rosetta"	
										},
										{
											"name": "model-cdm-event",
											"description": "",
											"uri": "model-cdm-event.rosetta"	
										},
										{
											"name": "model-cdm-event-confirmation",
											"description": "",
											"uri": "model-cdm-event-confirmation.rosetta"	
										},
										{
											"name": "model-cdm-event-func",
											"description": "",
											"uri": "model-cdm-event-func.rosetta"	
										},
										{
											"name": "model-cdm-function-equity",
											"description": "",
											"uri": "model-cdm-function-equity.rosetta"	
										},
										{
											"name": "model-cdm-function-utilities",
											"description": "",
											"uri": "model-cdm-function-utilities.rosetta"	
										},
										{
											"name": "model-cdm-functions",
											"description": "",
											"uri": "model-cdm-functions.rosetta"	
										},
										{
											"name": "model-cdm-primitives",
											"description": "",
											"uri": "model-cdm-primitives.rosetta"	
										},
										{
											"name": "model-cdm-product",
											"description": "",
											"uri": "model-cdm-product.rosetta"	
										},
										{
											"name": "model-derivatives-asset",
											"description": "",
											"uri": "model-derivatives-asset.rosetta"	
										},
										{
											"name": "model-derivatives-bond-option",
											"description": "",
											"uri": "model-derivatives-bond-option.rosetta"	
										},
										{
											"name": "model-derivatives-cd",
											"description": "",
											"uri": "model-derivatives-cd.rosetta"	
										},
										{
											"name": "model-derivatives-doc",
											"description": "",
											"uri": "model-derivatives-doc.rosetta"	
										},
										{
											"name": "model-derivatives-enum",
											"description": "",
											"uri": "model-derivatives-enum.rosetta"	
										},
										{
											"name": "model-derivatives-eq-shared",
											"description": "",
											"uri": "model-derivatives-eq-shared.rosetta"	
										},
										{
											"name": "model-derivatives-ird",
											"description": "",
											"uri": "model-derivatives-ird.rosetta"	
										},
										{
											"name": "model-event-enum",
											"description": "",
											"uri": "model-event-enum.rosetta"	
										},
										{
											"name": "model-iso-20022",
											"description": "",
											"uri": "model-iso-20022.rosetta"	
										},
										{
											"name": "model-product-enum",
											"description": "",
											"uri": "model-product-enum.rosetta"	
										},
										{
											"name": "model-reg-reporting",
											"description": "",
											"uri": "model-reg-reporting.rosetta"	
										}
									]
								
							}
						]
					
				}
			]
		
	}

]			
